{"cameraMode":{"drawMode":0,"name":"Shaded","section":"Shading Mode"},"sceneLighting":false,"audioPlay":false,"sceneViewState":{"showFog":true,"showMaterialUpdate":false,"showSkybox":true,"showFlares":true,"showImageEffects":true,"showParticleSystems":true},"in2DMode":false,"pivot":{"x":-0.05052622780203819,"y":0.01682889647781849,"z":4.656612873077393e-10},"rotation":{"x":-0.0003779590188059956,"y":0.9996175765991211,"z":-0.020995046943426133,"w":-0.017995091155171396},"size":0.04895207658410072,"orthographic":true}