{"cameraMode":{"drawMode":0,"name":"Shaded","section":"Shading Mode"},"sceneLighting":false,"audioPlay":false,"sceneViewState":{"showFog":true,"showMaterialUpdate":false,"showSkybox":true,"showFlares":true,"showImageEffects":true,"showParticleSystems":true},"in2DMode":false,"pivot":{"x":0.009810958057641983,"y":0.017208730801939966,"z":0.0022996654734015466},"rotation":{"x":-0.07880938798189163,"y":0.8818597197532654,"z":-0.1591050773859024,"w":-0.4368044435977936},"size":0.06722516566514969,"orthographic":true}