{"cameraMode":{"drawMode":0,"name":"Shaded","section":"Shading Mode"},"sceneLighting":false,"audioPlay":false,"sceneViewState":{"showFog":true,"showMaterialUpdate":false,"showSkybox":true,"showFlares":true,"showImageEffects":true,"showParticleSystems":true},"in2DMode":false,"pivot":{"x":-0.0007999986410140991,"y":0.012000000104308129,"z":0.0},"rotation":{"x":-0.00037795904790982604,"y":0.9996176362037659,"z":-0.02099504880607128,"w":-0.017995091155171396},"size":0.1512250155210495,"orthographic":true}