{"cameraMode":{"drawMode":0,"name":"Shaded","section":"Shading Mode"},"sceneLighting":false,"audioPlay":false,"sceneViewState":{"showFog":true,"showMaterialUpdate":false,"showSkybox":true,"showFlares":true,"showImageEffects":true,"showParticleSystems":true},"in2DMode":false,"pivot":{"x":0.02471923828125,"y":0.02520751953125,"z":0.027099609375},"rotation":{"x":0.15427009761333466,"y":-0.8113966584205627,"z":0.24699954688549043,"w":0.5067815184593201},"size":0.10515119135379791,"orthographic":true}